id,first_name,last_name,email,gender,ip_address
1,Kerr,Bernardoux,kbernardoux0@google.com,Male,157.31.20.51
2,Abigail,Middlebrook,amiddlebrook1@amazon.de,Female,227.26.223.152
3,Kandace,Sulley,ksulley2@usa.gov,Female,250.139.48.71
4,Gav,Seyler,gseyler3@newsvine.com,Male,74.221.50.39
5,Kippie,Holyard,kholyard4@cnet.com,Non-binary,255.222.1.188
6,Gerianna,Huxster,ghuxster5@msu.edu,Female,236.139.2.116
7,Kristos,Hook,khook6@ca.gov,Male,73.37.128.224
8,Prinz,Shardlow,pshardlow7@amazon.co.jp,Male,63.172.61.196
9,Verine,Heckle,vheckle8@free.fr,Female,246.105.220.184
10,Hill,Beagles,hbeagles9@google.it,Male,142.148.127.54
11,Hagen,Vannuccini,hvannuccinia@deliciousdays.com,Male,106.119.55.151
12,Dotty,Canning,dcanningb@addtoany.com,Non-binary,178.163.64.80
13,Colene,Nann,cnannc@nbcnews.com,Female,163.158.150.95
14,Gare,Fee,gfeed@si.edu,Male,140.221.18.103
15,Shanta,Lount,slounte@google.nl,Female,203.8.59.58
16,Latia,Coneron,lconeronf@hhs.gov,Agender,154.78.234.102
17,Creight,Nears,cnearsg@hp.com,Male,140.23.93.55
18,Salomone,Saffer,ssafferh@twitpic.com,Male,157.196.228.159
19,Adel,Alvarado,aalvaradoi@hud.gov,Genderfluid,116.74.35.231
20,Dorine,Szapiro,dszapiroj@deliciousdays.com,Non-binary,196.14.30.149
21,Philis,Hallen,phallenk@umich.edu,Female,253.209.230.127
22,Munroe,Been,mbeenl@tripod.com,Bigender,214.233.148.142
23,Finn,Jamme,fjammem@unesco.org,Male,23.107.109.37
24,Jo,Korlat,jkorlatn@usnews.com,Male,224.152.97.73
25,Millicent,Vondrak,mvondrako@mapquest.com,Female,26.173.52.67
26,Rianon,Windaybank,rwindaybankp@ucoz.ru,Female,209.72.239.225
27,Pris,Peaker,ppeakerq@github.io,Female,84.43.45.155
28,Ignacio,Peggs,ipeggsr@statcounter.com,Male,202.174.7.136
29,Marigold,Cutchee,mcutchees@myspace.com,Female,194.203.148.54
30,Angie,Bispo,abispot@si.edu,Female,134.242.82.146
31,Michaelina,Chatenet,mchatenetu@php.net,Female,160.143.101.253
32,Llewellyn,Mizen,lmizenv@jimdo.com,Male,198.112.83.5
33,Phillipp,Margaritelli,pmargaritelliw@constantcontact.com,Male,236.142.151.30
34,Zora,Rubel,zrubelx@g.co,Female,13.83.61.245
35,Honoria,O' Finan,hofinany@businessinsider.com,Female,76.2.88.231
36,Kasey,Graddell,kgraddellz@e-recht24.de,Female,57.146.245.247
37,Melosa,Peatt,mpeatt10@weibo.com,Female,191.229.122.103
38,Milka,McMurtyr,mmcmurtyr11@blogspot.com,Female,243.43.56.114
39,Lainey,Jobe,ljobe12@cmu.edu,Polygender,160.207.140.200
40,Shawn,Antoniat,santoniat13@bizjournals.com,Female,18.73.60.182
41,Ysabel,Espasa,yespasa14@wix.com,Female,204.41.202.158
42,Lilah,Jacqueminot,ljacqueminot15@ifeng.com,Female,181.121.57.156
43,Heindrick,Milward,hmilward16@mac.com,Male,111.90.161.174
44,Taffy,Govan,tgovan17@economist.com,Female,127.35.159.219
45,Yehudit,McKilroe,ymckilroe18@eventbrite.com,Male,98.201.82.68
46,Brenna,Hamstead,bhamstead19@google.de,Female,127.94.52.89
47,Lynda,Seale,lseale1a@cdc.gov,Female,22.36.178.112
48,Killian,Piotr,kpiotr1b@marketwatch.com,Male,35.97.191.181
49,Myrwyn,Tunnick,mtunnick1c@msu.edu,Male,193.149.236.140
50,Jaimie,Lincke,jlincke1d@vistaprint.com,Female,77.231.254.245
51,Warner,Ivanishev,wivanishev1e@ucla.edu,Male,21.144.248.60
52,Sandro,Grishanin,sgrishanin1f@storify.com,Agender,249.49.239.247
53,Leland,Yokley,lyokley1g@dailymail.co.uk,Female,65.98.84.159
54,Peirce,Ashard,pashard1h@newyorker.com,Male,109.12.247.9
55,Valentin,Rabson,vrabson1i@networksolutions.com,Male,248.38.22.14
56,Roanna,Prover,rprover1j@reddit.com,Female,215.126.91.133
57,Ella,Blaszczynski,eblaszczynski1k@tmall.com,Female,5.209.37.143
58,Mersey,Nezey,mnezey1l@mlb.com,Female,104.126.13.155
59,Garner,Phillips,gphillips1m@accuweather.com,Male,63.28.55.185
60,Brandea,Delmage,bdelmage1n@adobe.com,Polygender,111.211.27.136
61,Renelle,Meegan,rmeegan1o@biglobe.ne.jp,Female,186.233.74.206
62,Letitia,Petyakov,lpetyakov1p@businessweek.com,Female,182.187.229.162
63,Sharl,Gillebert,sgillebert1q@hostgator.com,Female,104.69.220.146
64,Uriel,Giabuzzi,ugiabuzzi1r@usa.gov,Male,110.79.123.135
65,Berget,Presman,bpresman1s@globo.com,Female,145.22.125.240
66,Gwyneth,Chaplain,gchaplain1t@com.com,Female,213.79.90.71
67,Adrienne,Wanne,awanne1u@ask.com,Female,6.105.186.144
68,Raynell,Beevor,rbeevor1v@dmoz.org,Female,163.12.34.187
69,Andria,Depport,adepport1w@nature.com,Female,106.162.5.209
70,Con,Limbrick,climbrick1x@ebay.com,Male,75.158.103.124
71,Conant,Sodor,csodor1y@bluehost.com,Male,21.149.31.201
72,Ingeberg,McRitchie,imcritchie1z@marketwatch.com,Female,10.222.105.99
73,Bianca,Lornsen,blornsen20@unblog.fr,Female,136.25.73.90
74,Perren,McGinly,pmcginly21@youtu.be,Male,6.100.198.146
75,Leonhard,Breckenridge,lbreckenridge22@pinterest.com,Male,215.164.240.113
76,Sandra,Titchmarsh,stitchmarsh23@netvibes.com,Female,232.122.28.12
77,Sheeree,Detoile,sdetoile24@epa.gov,Female,156.236.212.5
78,Wesley,Okenfold,wokenfold25@printfriendly.com,Male,117.17.24.7
79,Lyda,Hryniewicz,lhryniewicz26@shutterfly.com,Female,208.7.41.171
80,Jyoti,Renzo,jrenzo27@utexas.edu,Female,29.246.249.252
81,Robbert,Kermode,rkermode28@chron.com,Male,234.249.20.113
82,Darcie,Dabes,ddabes29@cargocollective.com,Female,196.220.191.81
83,Wendi,Gorelli,wgorelli2a@imgur.com,Female,42.137.204.228
84,Hetty,Patis,hpatis2b@hugedomains.com,Female,217.153.93.33
85,Geralda,Mead,gmead2c@oracle.com,Female,16.10.136.87
86,Bianca,Chomicki,bchomicki2d@nymag.com,Female,2.116.251.146
87,Jacquelynn,Roache,jroache2e@netvibes.com,Female,141.27.180.160
88,Rica,McPeake,rmcpeake2f@360.cn,Female,161.139.127.83
89,Rickard,Dreossi,rdreossi2g@wsj.com,Male,152.233.16.239
90,Juditha,Boshers,jboshers2h@fc2.com,Female,118.153.205.116
91,Timi,Rawling,trawling2i@constantcontact.com,Female,14.135.242.108
92,Ceil,Crutchfield,ccrutchfield2j@twitpic.com,Female,55.77.42.193
93,Hollyanne,Vaughton,hvaughton2k@army.mil,Genderfluid,37.58.3.207
94,Sunny,Lound,slound2l@123-reg.co.uk,Male,93.232.77.95
95,Josselyn,MacIlwrick,jmacilwrick2m@furl.net,Female,169.244.22.178
96,Cort,Dyers,cdyers2n@furl.net,Male,53.227.85.244
97,Vernice,Heliet,vheliet2o@purevolume.com,Female,56.53.42.205
98,Erv,Boken,eboken2p@bigcartel.com,Male,86.176.154.20
99,Georgette,Banaszewski,gbanaszewski2q@digg.com,Female,42.194.180.59
100,Carney,Antonopoulos,cantonopoulos2r@state.tx.us,Male,229.229.63.164
101,Nev,Garriock,ngarriock2s@simplemachines.org,Male,22.56.88.244
102,Bondie,Ferie,bferie2t@ftc.gov,Male,194.220.17.17
103,Martita,Flemyng,mflemyng2u@virginia.edu,Female,80.72.46.10
104,Magda,McNabb,mmcnabb2v@google.es,Female,67.14.222.68
105,Fritz,Allwood,fallwood2w@msn.com,Male,22.106.189.40
106,Eolande,Lorriman,elorriman2x@edublogs.org,Female,11.119.184.251
107,Barbara-anne,Scothern,bscothern2y@nasa.gov,Female,125.209.51.112
108,Brett,Learmount,blearmount2z@livejournal.com,Male,17.252.86.157
109,Mario,Kerss,mkerss30@irs.gov,Male,134.19.123.3
110,Dori,Janczak,djanczak31@artisteer.com,Female,49.76.242.204
111,Doria,Sommerling,dsommerling32@buzzfeed.com,Female,94.88.55.28
112,Vonni,Shrimpling,vshrimpling33@booking.com,Female,139.75.175.66
113,June,McGhee,jmcghee34@list-manage.com,Female,33.201.118.30
114,Josepha,Opie,jopie35@goo.gl,Female,251.194.126.131
115,Arney,Celli,acelli36@twitpic.com,Non-binary,202.158.72.110
116,Lauretta,Spurett,lspurett37@yolasite.com,Female,148.127.253.184
117,Bevan,Jenkerson,bjenkerson38@fotki.com,Male,172.93.224.23
118,Heath,Ramet,hramet39@acquirethisname.com,Bigender,99.32.75.151
119,Leilah,Bartolic,lbartolic3a@mac.com,Female,16.72.222.228
120,Mac,Fairhead,mfairhead3b@jugem.jp,Male,199.2.19.93
121,Chris,Hymans,chymans3c@phoca.cz,Male,214.226.1.192
122,Sammie,Malek,smalek3d@github.io,Male,69.231.56.72
123,Tabbie,Crennan,tcrennan3e@trellian.com,Female,45.106.195.18
124,Ethelda,Timson,etimson3f@dell.com,Bigender,73.141.94.42
125,Burke,Byk,bbyk3g@wiley.com,Genderqueer,173.71.252.185
126,Abbe,Trembath,atrembath3h@squarespace.com,Male,190.34.179.108
127,Glenine,Drover,gdrover3i@amazon.co.jp,Female,81.217.237.48
128,Dun,Fairall,dfairall3j@seesaa.net,Male,92.31.27.170
129,Munroe,Pellatt,mpellatt3k@wp.com,Male,78.208.196.6
130,Patrice,Bruno,pbruno3l@behance.net,Female,22.247.27.23
131,Giorgia,Sphinxe,gsphinxe3m@usnews.com,Female,54.56.229.234
132,Kaylee,Haggerty,khaggerty3n@dyndns.org,Female,53.6.57.7
133,Brent,Tratton,btratton3o@w3.org,Male,105.193.208.20
134,Holt,McKaile,hmckaile3p@businessinsider.com,Male,75.189.3.139
135,Lorenzo,Mushart,lmushart3q@soundcloud.com,Male,216.84.68.250
136,Maynard,Glentz,mglentz3r@topsy.com,Male,160.26.164.121
137,Tony,Oldroyd,toldroyd3s@archive.org,Male,245.1.186.251
138,Ethe,Hunday,ehunday3t@t-online.de,Male,126.10.233.113
139,Giraud,Maddin,gmaddin3u@oakley.com,Male,167.86.26.202
140,Dulcie,Ccomini,dccomini3v@rambler.ru,Female,182.113.174.183
141,Tildie,Lohden,tlohden3w@technorati.com,Female,44.180.63.214
142,Travers,Estcourt,testcourt3x@yandex.ru,Male,164.245.243.233
143,Arther,Cayet,acayet3y@berkeley.edu,Male,88.209.172.200
144,Jewel,Randalson,jrandalson3z@nifty.com,Female,111.193.209.142
145,Sherill,Scrange,sscrange40@vkontakte.ru,Female,91.53.195.154
146,Cherise,Avery,cavery41@whitehouse.gov,Female,239.57.51.202
147,Yardley,D'Ugo,ydugo42@unc.edu,Male,139.132.29.67
148,Tandy,Waggitt,twaggitt43@about.com,Female,233.36.142.211
149,Ingra,Vice,ivice44@army.mil,Male,106.161.61.159
150,Der,Coulbeck,dcoulbeck45@ftc.gov,Male,156.5.149.76
151,Marten,Jzak,mjzak46@exblog.jp,Male,107.143.14.191
152,Vladamir,Berrigan,vberrigan47@hc360.com,Male,215.11.69.247
153,Palmer,Stiven,pstiven48@princeton.edu,Male,119.66.39.225
154,Skyler,Rasch,srasch49@phoca.cz,Male,114.70.60.243
155,Man,Basham,mbasham4a@bravesites.com,Male,67.233.196.240
156,Ronnie,Forsyth,rforsyth4b@skype.com,Male,149.218.39.67
157,Jack,Abrahamowitcz,jabrahamowitcz4c@nih.gov,Male,11.14.200.173
158,Normand,Zuppa,nzuppa4d@reddit.com,Male,39.101.84.203
159,Geri,Laffan,glaffan4e@cbsnews.com,Male,118.187.212.197
160,Valaree,Saphir,vsaphir4f@yandex.ru,Female,88.118.176.187
161,Pooh,Ivancevic,pivancevic4g@about.com,Female,136.138.142.204
162,Selene,Talby,stalby4h@altervista.org,Polygender,177.147.48.146
163,Friedrich,Maccrae,fmaccrae4i@washington.edu,Male,74.8.239.182
164,Emlyn,Roskilly,eroskilly4j@businessinsider.com,Agender,10.196.231.200
165,Elayne,Cawsby,ecawsby4k@diigo.com,Female,166.157.128.166
166,Steve,Guierre,sguierre4l@whitehouse.gov,Male,199.65.176.4
167,Miltie,Schroter,mschroter4m@discuz.net,Genderqueer,53.55.205.184
168,Gaylene,Golsby,ggolsby4n@oracle.com,Female,72.148.182.51
169,Marcel,Tungate,mtungate4o@histats.com,Male,120.130.5.171
170,Arman,Matuska,amatuska4p@google.ru,Male,196.64.84.42
171,Nat,Daly,ndaly4q@instagram.com,Female,163.184.238.5
172,Louis,O'Connor,loconnor4r@nhs.uk,Male,115.29.98.251
173,Edan,Findley,efindley4s@bing.com,Male,176.187.240.191
174,Gherardo,Otto,gotto4t@usgs.gov,Non-binary,119.138.121.37
175,Gardy,Edworthye,gedworthye4u@wikia.com,Male,162.47.151.59
176,Moss,Brambley,mbrambley4v@pcworld.com,Male,107.221.73.158
177,Latrena,Fenton,lfenton4w@discovery.com,Female,180.133.84.170
178,Leonidas,Shrubb,lshrubb4x@joomla.org,Male,14.195.103.210
179,Helaina,Joynt,hjoynt4y@sfgate.com,Female,203.148.143.15
180,Annabela,Bendik,abendik4z@elegantthemes.com,Female,93.197.98.85
181,Feodor,Offord,fofford50@bloomberg.com,Male,152.200.210.255
182,Kaleena,Worgen,kworgen51@indiegogo.com,Female,170.95.46.202
183,Lynne,Nutten,lnutten52@google.it,Female,59.166.116.116
184,Torrie,Baughen,tbaughen53@earthlink.net,Female,92.97.83.103
185,Sunshine,Tomovic,stomovic54@so-net.ne.jp,Female,107.76.122.243
186,Marti,Ferrino,mferrino55@ehow.com,Female,199.94.178.219
187,Chickie,Pounds,cpounds56@histats.com,Male,158.122.205.92
188,Byron,Leitche,bleitche57@nhs.uk,Male,217.53.183.51
189,James,Guillard,jguillard58@twitpic.com,Male,189.57.149.127
190,Almeria,Farnham,afarnham59@plala.or.jp,Female,78.178.192.76
191,Joaquin,MacKee,jmackee5a@jimdo.com,Male,235.246.22.137
192,Dacia,Lefeuvre,dlefeuvre5b@1688.com,Female,227.24.39.245
193,Emalia,Alcido,ealcido5c@artisteer.com,Female,131.140.103.155
194,Nonna,Gander,ngander5d@nymag.com,Female,87.190.66.74
195,Kirsteni,Kennan,kkennan5e@sourceforge.net,Female,255.118.87.21
196,Roshelle,Slateford,rslateford5f@omniture.com,Genderfluid,42.26.178.43
197,Gunther,Caps,gcaps5g@com.com,Male,59.64.43.96
198,Nolan,Addie,naddie5h@slideshare.net,Male,246.13.120.168
199,Calv,Boldt,cboldt5i@vinaora.com,Male,41.143.72.88
200,Pattie,Lockitt,plockitt5j@blinklist.com,Male,62.241.15.226
201,Deeann,Greger,dgreger5k@dmoz.org,Female,189.185.116.185
202,Eal,Ubach,eubach5l@google.ca,Male,44.52.186.150
203,Jordan,Geare,jgeare5m@mapquest.com,Male,236.189.237.62
204,Sandor,Gildea,sgildea5n@angelfire.com,Genderqueer,175.200.4.227
205,Myra,Brasier,mbrasier5o@weebly.com,Female,15.213.105.61
206,Kristel,Brigstock,kbrigstock5p@51.la,Female,160.219.191.34
207,Rees,Gotliffe,rgotliffe5q@cbc.ca,Male,57.239.126.110
208,Lorenza,Cater,lcater5r@sciencedaily.com,Female,193.179.122.167
209,Mersey,Jochens,mjochens5s@apache.org,Female,140.4.83.103
210,Evangelin,Kirtland,ekirtland5t@cyberchimps.com,Female,234.203.164.7
211,Gabriell,Marham,gmarham5u@a8.net,Female,22.150.97.13
212,Nelia,Bothram,nbothram5v@sciencedirect.com,Female,56.185.123.54
213,Bartie,Vittel,bvittel5w@woothemes.com,Male,40.51.154.179
214,Parnell,Mechan,pmechan5x@infoseek.co.jp,Male,221.107.177.58
215,Humfried,Buzin,hbuzin5y@zdnet.com,Male,216.70.29.53
216,Lou,Guiver,lguiver5z@china.com.cn,Male,40.175.238.11
217,Chris,Wilde,cwilde60@house.gov,Male,225.119.194.58
218,Mindy,Balls,mballs61@booking.com,Female,152.47.179.83
219,Ondrea,Greensite,ogreensite62@comsenz.com,Female,151.254.201.122
220,Salmon,Gathercoal,sgathercoal63@alibaba.com,Non-binary,206.128.55.193
221,Leena,Aldersley,laldersley64@ucoz.ru,Female,111.22.156.93
222,Harvey,Owlner,howlner65@freewebs.com,Male,71.200.26.2
223,Rivkah,Tohill,rtohill66@123-reg.co.uk,Agender,96.96.198.150
224,Damita,Maunton,dmaunton67@seesaa.net,Female,221.187.25.245
225,Ewell,Stidson,estidson68@mit.edu,Male,129.39.117.101
226,Ely,Kohler,ekohler69@cyberchimps.com,Male,127.168.215.130
227,Pall,Canter,pcanter6a@nih.gov,Male,117.14.22.81
228,Caren,Waters,cwaters6b@elegantthemes.com,Genderfluid,118.82.222.152
229,Ange,Mursell,amursell6c@com.com,Male,171.130.135.101
230,Tedi,Spanswick,tspanswick6d@illinois.edu,Female,109.47.252.111
231,Paco,Ridge,pridge6e@amazon.co.jp,Male,146.158.31.2
232,Carlos,Bowyer,cbowyer6f@indiegogo.com,Male,233.181.98.18
233,Roi,Arnaudon,rarnaudon6g@cyberchimps.com,Male,216.115.198.215
234,Nisse,Behr,nbehr6h@e-recht24.de,Female,158.232.91.212
235,Clemente,Bater,cbater6i@usa.gov,Male,84.153.240.171
236,Claudelle,Puttick,cputtick6j@scribd.com,Female,67.255.162.204
237,Deanna,Emerton,demerton6k@boston.com,Female,87.158.70.27
238,Tedd,Duthy,tduthy6l@godaddy.com,Male,251.133.150.161
239,Kenny,Atack,katack6m@ycombinator.com,Male,175.123.209.140
240,Zahara,Lean,zlean6n@yandex.ru,Female,66.84.49.195
241,Burgess,Ibotson,bibotson6o@bizjournals.com,Male,63.94.76.227
242,Broddie,Saenz,bsaenz6p@usatoday.com,Male,185.141.63.36
243,Pam,Oslar,poslar6q@tiny.cc,Female,164.235.76.59
244,Elmore,McNeachtain,emcneachtain6r@wsj.com,Male,238.198.40.216
245,Gonzalo,Pierce,gpierce6s@constantcontact.com,Male,11.104.175.69
246,Salomon,Carthew,scarthew6t@xinhuanet.com,Male,12.180.48.96
247,Kathryn,Allanson,kallanson6u@netvibes.com,Female,248.230.74.168
248,Virgil,Chantree,vchantree6v@umn.edu,Male,174.239.97.177
249,Marijo,Trowbridge,mtrowbridge6w@ifeng.com,Female,114.157.49.156
250,Tomi,Kordas,tkordas6x@smugmug.com,Female,29.70.171.99
251,Sarene,Antoni,santoni6y@forbes.com,Female,5.241.181.48
252,Berk,Dury,bdury6z@stumbleupon.com,Male,132.213.234.64
253,Colline,Jendrusch,cjendrusch70@pagesperso-orange.fr,Female,225.74.167.195
254,Erroll,Falkinder,efalkinder71@vkontakte.ru,Male,193.95.164.231
255,Bendick,Palfrie,bpalfrie72@lycos.com,Male,99.192.61.151
256,Jason,Imlaw,jimlaw73@apple.com,Male,34.108.178.37
257,Stanislas,Bierling,sbierling74@amazon.co.jp,Male,235.192.227.109
258,Delmore,Tuiller,dtuiller75@google.com.hk,Male,101.142.125.9
259,Kalle,Lewry,klewry76@pbs.org,Male,158.109.47.67
260,Clem,Brand-Hardy,cbrandhardy77@oaic.gov.au,Female,49.29.221.162
261,Jamill,Mumm,jmumm78@whitehouse.gov,Male,18.164.194.86
262,Bili,Sturgess,bsturgess79@ca.gov,Female,8.195.220.113
263,Darb,Ping,dping7a@multiply.com,Male,243.40.195.246
264,Gianna,Suddards,gsuddards7b@dell.com,Female,133.69.96.204
265,Dredi,Duthie,dduthie7c@cafepress.com,Female,72.18.61.142
266,Marian,Longworthy,mlongworthy7d@apache.org,Female,255.18.252.192
267,Jeanie,Beresfore,jberesfore7e@mysql.com,Female,26.128.28.254
268,Benedicta,Bourgourd,bbourgourd7f@issuu.com,Female,20.130.30.170
269,Win,M'Quharge,wmquharge7g@bizjournals.com,Male,139.171.14.40
270,Cicily,Legendre,clegendre7h@eventbrite.com,Female,180.41.3.61
271,Bond,Jekel,bjekel7i@unc.edu,Male,143.87.15.69
272,Leonanie,Dobie,ldobie7j@ning.com,Female,236.29.250.41
273,Robinia,O' Concannon,roconcannon7k@cocolog-nifty.com,Female,153.163.203.176
274,Ulrika,Tappington,utappington7l@twitpic.com,Agender,248.212.98.132
275,Ibrahim,Owain,iowain7m@opensource.org,Male,155.7.253.220
276,Gaultiero,Fraulo,gfraulo7n@upenn.edu,Male,154.7.73.195
277,Flo,Flintoft,fflintoft7o@blogger.com,Genderqueer,92.199.223.89
278,Tony,Malkin,tmalkin7p@diigo.com,Genderfluid,153.22.129.42
279,Roseanne,Lomis,rlomis7q@t-online.de,Female,247.187.116.221
280,Carly,Vasnev,cvasnev7r@desdev.cn,Male,123.226.155.162
281,Ivory,Sancias,isancias7s@youtube.com,Female,15.151.176.79
282,Alfi,Woodlands,awoodlands7t@istockphoto.com,Female,151.69.6.230
283,Byram,Siderfin,bsiderfin7u@clickbank.net,Male,231.182.77.18
284,Ivor,Ruttgers,iruttgers7v@cpanel.net,Male,30.128.108.79
285,Lavinia,Heffernon,lheffernon7w@ehow.com,Female,69.222.47.55
286,Oralia,Sheehan,osheehan7x@geocities.com,Female,169.111.80.229
287,Matthias,Crossland,mcrossland7y@hp.com,Genderqueer,91.114.39.79
288,Oswell,Weeke,oweeke7z@pcworld.com,Male,11.25.134.154
289,Tilda,Milam,tmilam80@jugem.jp,Bigender,108.21.40.111
290,Harland,Trineman,htrineman81@lycos.com,Male,208.224.72.57
291,Benson,Peplay,bpeplay82@fc2.com,Male,28.112.61.155
292,Dick,Duny,dduny83@linkedin.com,Male,124.100.123.45
293,Cookie,Collidge,ccollidge84@usda.gov,Female,54.29.164.19
294,Dean,Frid,dfrid85@latimes.com,Male,68.200.172.45
295,Kenton,Andreutti,kandreutti86@exblog.jp,Male,241.175.191.236
296,Tobit,Beaushaw,tbeaushaw87@mashable.com,Male,143.203.4.116
297,Alvin,Dougherty,adougherty88@php.net,Male,26.33.183.211
298,Agnese,Ambroise,aambroise89@mtv.com,Female,242.58.138.122
299,Fionna,Rattry,frattry8a@ted.com,Female,16.25.146.132
300,Emiline,Gibby,egibby8b@vk.com,Bigender,108.114.6.123
301,Kerby,Dable,kdable8c@shop-pro.jp,Male,231.33.224.172
302,Kermie,Tunny,ktunny8d@webs.com,Male,217.210.88.220
303,Corey,Elkin,celkin8e@naver.com,Female,97.84.236.175
304,Bea,Mohun,bmohun8f@altervista.org,Female,136.90.253.96
305,Erika,Fulton,efulton8g@walmart.com,Female,70.165.78.48
306,Jimmie,Leakner,jleakner8h@army.mil,Male,233.191.195.69
307,Maddy,Heller,mheller8i@feedburner.com,Female,51.78.73.126
308,Ivan,Buttrey,ibuttrey8j@ed.gov,Male,45.36.126.85
309,Harlene,Spurgeon,hspurgeon8k@rakuten.co.jp,Female,122.69.31.147
310,Anetta,Katz,akatz8l@nydailynews.com,Female,97.132.108.14
311,Amity,Heephy,aheephy8m@google.com.au,Genderfluid,24.68.121.175
312,Murry,Meaker,mmeaker8n@marketwatch.com,Male,228.15.219.104
313,Ikey,Helstrom,ihelstrom8o@topsy.com,Male,60.123.61.43
314,Greggory,Bedo,gbedo8p@msn.com,Male,232.125.179.235
315,Kevina,Ollivier,kollivier8q@squarespace.com,Female,239.99.22.216
316,Heddi,Snowden,hsnowden8r@example.com,Female,193.38.37.200
317,Vaclav,Ludy,vludy8s@mac.com,Male,141.181.201.68
318,Farica,Probert,fprobert8t@jimdo.com,Bigender,71.239.0.89
319,Julianna,Durtnall,jdurtnall8u@scribd.com,Female,97.171.42.78
320,Melantha,Hurch,mhurch8v@com.com,Female,252.173.249.224
321,Lazarus,Goncalo,lgoncalo8w@51.la,Male,98.143.126.9
322,Sabra,Patria,spatria8x@diigo.com,Female,160.31.236.6
323,Cheri,Tommasetti,ctommasetti8y@npr.org,Female,47.143.163.194
324,Chelsea,Culshew,cculshew8z@shop-pro.jp,Female,42.70.161.175
325,Cyrill,Peaple,cpeaple90@webmd.com,Male,67.242.66.46
326,Dwight,MacKeller,dmackeller91@nationalgeographic.com,Male,114.254.86.242
327,Vale,Frantz,vfrantz92@dion.ne.jp,Female,190.253.179.185
328,Tammy,Stidworthy,tstidworthy93@si.edu,Male,9.136.1.112
329,Devi,Murrie,dmurrie94@a8.net,Female,77.178.228.243
330,Sandor,Ren,sren95@merriam-webster.com,Male,170.4.190.142
331,Theo,Dell'Abbate,tdellabbate96@woothemes.com,Male,42.128.255.176
332,Caria,Fardo,cfardo97@dailymotion.com,Female,167.7.179.148
333,Fan,Iorillo,fiorillo98@discovery.com,Female,34.36.156.70
334,Aeriel,Sawbridge,asawbridge99@topsy.com,Female,135.39.246.170
335,Kelila,Groundwater,kgroundwater9a@abc.net.au,Female,195.204.168.193
336,Harry,O' Donohoe,hodonohoe9b@mail.ru,Male,56.170.107.160
337,Jo,Boutellier,jboutellier9c@nature.com,Male,74.9.212.50
338,Joela,Nano,jnano9d@java.com,Female,117.241.44.229
339,Joye,Vel,jvel9e@surveymonkey.com,Non-binary,140.75.216.53
340,Ignazio,Milby,imilby9f@example.com,Male,127.45.161.229
341,Wallis,Geggus,wgeggus9g@ustream.tv,Female,3.5.111.198
342,Justinn,Nester,jnester9h@miitbeian.gov.cn,Agender,212.243.197.63
343,Lari,Huban,lhuban9i@hexun.com,Female,114.52.141.65
344,Ransell,Coda,rcoda9j@csmonitor.com,Male,19.169.8.11
345,Janith,Piwell,jpiwell9k@vkontakte.ru,Female,33.176.123.106
346,Bernie,Waterhous,bwaterhous9l@photobucket.com,Male,155.210.209.83
347,Tymon,Kornel,tkornel9m@unicef.org,Male,19.67.226.25
348,Osbourn,Streetley,ostreetley9n@wikispaces.com,Male,46.109.23.189
349,Rollo,Chetter,rchetter9o@prweb.com,Male,11.84.84.109
350,Grete,Brotheridge,gbrotheridge9p@berkeley.edu,Female,8.176.37.95
351,Rana,Woodroff,rwoodroff9q@sbwire.com,Female,81.212.106.67
352,Ezmeralda,Tinker,etinker9r@webeden.co.uk,Female,255.34.193.50
353,Emlyn,Tamas,etamas9s@topsy.com,Male,151.27.182.138
354,Randall,Jeffress,rjeffress9t@creativecommons.org,Male,27.62.37.70
355,Joel,Ornells,jornells9u@yellowpages.com,Male,247.253.122.3
356,Brien,Yeomans,byeomans9v@goo.ne.jp,Male,109.140.48.95
357,Larisa,Donson,ldonson9w@goo.gl,Female,230.203.46.246
358,Lynea,Jerdon,ljerdon9x@ovh.net,Female,62.181.227.239
359,Linnet,Josephsen,ljosephsen9y@google.co.jp,Female,194.163.140.31
360,Nappy,Dimitriades,ndimitriades9z@qq.com,Male,63.33.243.107
361,Ferrel,McCobb,fmccobba0@hhs.gov,Male,187.25.32.211
362,Decca,Bear,dbeara1@cafepress.com,Male,157.127.120.156
363,Sal,Ravillas,sravillasa2@shop-pro.jp,Female,232.52.65.124
364,Marv,Lucock,mlucocka3@gizmodo.com,Male,120.33.120.212
365,Halsy,Giles,hgilesa4@buzzfeed.com,Male,116.242.130.104
366,Timmy,Cornall,tcornalla5@businessweek.com,Male,99.150.101.176
367,Curry,Robelet,crobeleta6@hexun.com,Male,203.97.82.132
368,Emyle,Fritter,efrittera7@rambler.ru,Bigender,64.65.40.8
369,Giralda,Hughman,ghughmana8@businesswire.com,Female,49.24.229.190
370,Joella,Sonier,jsoniera9@technorati.com,Female,152.36.142.251
371,Adela,Fabb,afabbaa@moonfruit.com,Female,207.57.54.202
372,Bianka,Rivalland,brivallandab@seesaa.net,Female,19.17.1.145
373,Lincoln,Clough,lcloughac@rambler.ru,Male,8.52.238.238
374,Broderic,Offiler,boffilerad@tinyurl.com,Male,132.184.96.154
375,Catharina,Heape,cheapeae@fema.gov,Female,95.106.243.53
376,Shalom,Dye,sdyeaf@blogtalkradio.com,Male,105.56.119.136
377,Randy,Hartle,rhartleag@baidu.com,Female,119.18.201.34
378,Cacilie,Jikovsky,cjikovskyah@bbb.org,Female,102.72.189.105
379,Whitman,Dallywater,wdallywaterai@sohu.com,Male,209.221.178.249
380,Claiborne,Wiggins,cwigginsaj@about.me,Male,198.40.24.109
381,Dennis,Shotton,dshottonak@blog.com,Male,192.145.61.255
382,Friedrick,Ballantine,fballantineal@chronoengine.com,Male,23.175.255.99
383,Thedrick,Ivanikhin,tivanikhinam@etsy.com,Male,181.118.137.197
384,Angie,Cappleman,acapplemanan@oracle.com,Female,155.186.63.61
385,Dominik,Bunton,dbuntonao@deviantart.com,Male,227.174.195.179
386,Ynez,Petters,ypettersap@xinhuanet.com,Female,34.14.51.119
387,Gaultiero,Whitebread,gwhitebreadaq@mashable.com,Male,200.148.145.152
388,Luce,Locard,llocardar@webmd.com,Female,0.131.174.188
389,Cherilynn,Pantone,cpantoneas@cafepress.com,Female,68.149.210.205
390,Tressa,Senyard,tsenyardat@google.com,Female,199.155.51.106
391,Early,Mainland,emainlandau@princeton.edu,Male,9.21.3.177
392,Levon,Babington,lbabingtonav@imgur.com,Male,145.123.213.125
393,Loydie,Mattiussi,lmattiussiaw@ed.gov,Genderqueer,141.146.53.134
394,Clim,Darby,cdarbyax@chron.com,Male,115.195.156.84
395,Keefer,Fillimore,kfillimoreay@cpanel.net,Male,18.200.198.24
396,Bab,Quantrill,bquantrillaz@dailymotion.com,Female,209.18.193.32
397,Ronica,Georgius,rgeorgiusb0@ezinearticles.com,Female,9.22.244.197
398,Barbey,Kale,bkaleb1@webeden.co.uk,Female,185.112.49.222
399,Susan,McArdell,smcardellb2@icq.com,Female,145.129.71.16
400,Faustine,Bamlett,fbamlettb3@businesswire.com,Female,41.217.11.21
401,Julita,Cron,jcronb4@gravatar.com,Female,78.134.238.171
402,Latrina,Sumshon,lsumshonb5@statcounter.com,Female,109.32.237.245
403,Bernard,Benkin,bbenkinb6@oaic.gov.au,Male,116.127.47.219
404,Tannie,Gilcriest,tgilcriestb7@gravatar.com,Male,66.161.46.143
405,Bernette,Vern,bvernb8@123-reg.co.uk,Female,197.148.56.56
406,Giustino,Cornew,gcornewb9@sphinn.com,Male,47.39.162.74
407,Tommie,Rignoldes,trignoldesba@wordpress.com,Female,242.34.185.48
408,Delilah,Bloys,dbloysbb@taobao.com,Female,10.60.12.184
409,Evelin,Creser,ecreserbc@nationalgeographic.com,Male,127.41.25.71
410,Jasen,Stud,jstudbd@usatoday.com,Male,91.207.244.13
411,Ailis,Murrey,amurreybe@posterous.com,Female,90.187.208.99
412,Chanda,Tootal,ctootalbf@issuu.com,Female,57.230.139.110
413,Thom,Butt Gow,tbuttgowbg@ucoz.com,Male,176.37.30.41
414,Artair,Weiser,aweiserbh@theglobeandmail.com,Male,196.150.96.64
415,Maxim,Whaley,mwhaleybi@blog.com,Male,209.25.237.228
416,Mirelle,Rome,mromebj@ask.com,Female,163.253.145.156
417,Melinde,Alvaro,malvarobk@free.fr,Female,181.111.158.240
418,Ardyth,Zoephel,azoephelbl@walmart.com,Female,68.162.134.38
419,Nick,Summerson,nsummersonbm@scribd.com,Male,163.231.207.4
420,Tallie,Veitch,tveitchbn@diigo.com,Female,218.115.24.154
421,Filide,Devenny,fdevennybo@auda.org.au,Female,35.125.227.70
422,Doloritas,Jackson,djacksonbp@vimeo.com,Female,206.158.200.118
423,Jedediah,Boerder,jboerderbq@time.com,Male,130.78.91.130
424,Sean,Bowlesworth,sbowlesworthbr@craigslist.org,Male,182.25.197.41
425,Thurston,Poynser,tpoynserbs@flavors.me,Male,86.93.36.248
426,Thibaud,Broxap,tbroxapbt@businessweek.com,Male,58.249.249.119
427,Alric,Dislee,adisleebu@salon.com,Male,89.110.150.232
428,Nola,Stodhart,nstodhartbv@studiopress.com,Agender,125.17.90.164
429,Brit,Winchcum,bwinchcumbw@wikispaces.com,Male,205.223.252.164
430,Ozzie,Kopps,okoppsbx@youku.com,Male,177.139.242.82
431,Alexandros,McGraw,amcgrawby@last.fm,Male,4.236.254.92
432,Thomas,Matousek,tmatousekbz@taobao.com,Male,241.221.50.99
433,Sheilah,Kennelly,skennellyc0@addtoany.com,Female,221.104.251.166
434,Arline,Ondricek,aondricekc1@paginegialle.it,Female,90.14.178.79
435,Tobiah,Costigan,tcostiganc2@jiathis.com,Male,162.213.128.37
436,Torre,Arnoult,tarnoultc3@engadget.com,Male,121.166.111.28
437,Buckie,Bambury,bbamburyc4@bigcartel.com,Male,249.241.85.133
438,Gracia,Firle,gfirlec5@shutterfly.com,Female,251.229.24.72
439,Larisa,Teasell,lteasellc6@springer.com,Female,48.18.119.15
440,Elset,Obey,eobeyc7@printfriendly.com,Female,222.81.85.254
441,Suzanne,Lovett,slovettc8@samsung.com,Female,23.164.13.187
442,Abbi,Morey,amoreyc9@godaddy.com,Female,92.140.230.156
443,Caz,Urvoy,curvoyca@dion.ne.jp,Male,242.42.65.100
444,Ross,Stovold,rstovoldcb@dedecms.com,Male,127.68.242.95
445,Karola,Slimon,kslimoncc@google.pl,Genderqueer,236.4.16.124
446,Silvester,Ox,soxcd@techcrunch.com,Male,10.151.32.174
447,Nikola,Bampforth,nbampforthce@cargocollective.com,Male,42.248.77.113
448,Pavla,Landsbury,plandsburycf@cafepress.com,Female,153.182.191.157
449,Ced,Ianelli,cianellicg@dmoz.org,Male,224.148.56.83
450,Ruprecht,Hanbridge,rhanbridgech@washingtonpost.com,Male,142.97.121.71
451,Julietta,Narraway,jnarrawayci@jugem.jp,Female,212.54.90.124
452,Mellisa,Saur,msaurcj@jiathis.com,Female,254.155.2.80
453,Fredra,Lightbourn,flightbournck@storify.com,Female,20.38.42.184
454,Savina,Caen,scaencl@paypal.com,Female,212.231.109.235
455,Kristos,Lumsdale,klumsdalecm@pen.io,Male,136.49.48.232
456,Yvonne,Robertson,yrobertsoncn@mozilla.org,Female,43.8.110.161
457,Estel,Cleaveland,ecleavelandco@nih.gov,Female,111.173.11.93
458,Emelyne,Whitelock,ewhitelockcp@prweb.com,Female,112.233.40.202
459,Alecia,McCaighey,amccaigheycq@smugmug.com,Female,89.115.76.139
460,Courtney,Matyugin,cmatyugincr@nymag.com,Male,139.231.193.140
461,Noell,Huard,nhuardcs@yellowpages.com,Female,5.45.189.124
462,Opalina,Yo,oyoct@amazonaws.com,Bigender,34.205.145.188
463,Cord,Ygo,cygocu@businesswire.com,Male,227.79.50.248
464,Baryram,Ceschi,bceschicv@redcross.org,Male,56.145.234.196
465,Shea,Smidmor,ssmidmorcw@bluehost.com,Female,156.237.137.199
466,Lauritz,Bladge,lbladgecx@barnesandnoble.com,Male,198.30.243.146
467,Gwenni,Chappell,gchappellcy@chicagotribune.com,Female,216.112.20.63
468,Sandy,MacGaffey,smacgaffeycz@woothemes.com,Female,92.234.32.119
469,Sheilakathryn,Worsnip,sworsnipd0@mtv.com,Female,130.242.223.127
470,Rustie,Featherbie,rfeatherbied1@bigcartel.com,Male,239.198.44.41
471,Kylie,Flye,kflyed2@alexa.com,Female,24.243.217.253
472,Angelina,Poff,apoffd3@pinterest.com,Female,197.18.226.41
473,Brion,Franschini,bfranschinid4@blinklist.com,Male,178.16.31.212
474,Madeline,Hunston,mhunstond5@seesaa.net,Female,133.33.207.85
475,Doti,Morse,dmorsed6@ustream.tv,Female,53.167.149.232
476,Averil,Schooling,aschoolingd7@imageshack.us,Male,114.113.39.78
477,Antony,Reedman,areedmand8@go.com,Male,37.253.74.174
478,Pandora,Owen,powend9@army.mil,Female,60.131.92.10
479,Corrie,De Wolfe,cdewolfeda@irs.gov,Male,226.218.13.156
480,Greggory,Grinyov,ggrinyovdb@vimeo.com,Male,83.159.100.161
481,Stearne,Habercham,shaberchamdc@wix.com,Male,46.24.52.92
482,Massimiliano,Akam,makamdd@aboutads.info,Male,120.51.148.225
483,Rutger,Foxhall,rfoxhallde@macromedia.com,Male,151.192.63.207
484,Arte,Wooding,awoodingdf@ox.ac.uk,Male,167.33.25.96
485,Towney,Berrie,tberriedg@wp.com,Male,230.170.195.230
486,Boyce,McCrystal,bmccrystaldh@w3.org,Male,35.205.85.64
487,Erika,Kalb,ekalbdi@mozilla.org,Female,25.153.77.4
488,Bryn,Alecock,balecockdj@123-reg.co.uk,Male,35.87.27.65
489,Nessi,Francombe,nfrancombedk@spotify.com,Female,139.6.199.150
490,Devina,Feavers,dfeaversdl@illinois.edu,Female,131.192.25.197
491,Brod,Lohering,bloheringdm@lulu.com,Male,148.203.176.27
492,Lexine,Lowey,lloweydn@liveinternet.ru,Female,22.189.180.77
493,Dodie,Cluley,dcluleydo@twitpic.com,Bigender,108.42.21.248
494,Pascale,Coping,pcopingdp@time.com,Male,81.104.30.219
495,Imogene,Kurdani,ikurdanidq@cloudflare.com,Female,120.210.25.95
496,Ambrosi,Duthie,aduthiedr@purevolume.com,Male,86.117.105.10
497,Lonna,Rubie,lrubieds@mozilla.com,Female,34.7.6.19
498,Ransom,Bewsey,rbewseydt@flickr.com,Male,191.112.250.130
499,Al,Pounds,apoundsdu@si.edu,Male,247.85.200.164
500,Fanni,Ondrousek,fondrousekdv@hhs.gov,Female,2.127.172.251
501,Quintana,Bonevant,qbonevantdw@fda.gov,Female,34.88.238.161
502,Edithe,Niezen,eniezendx@weather.com,Female,61.149.0.108
503,Joachim,Yesson,jyessondy@seesaa.net,Male,99.118.183.113
504,Radcliffe,Vanini,rvaninidz@icq.com,Male,238.252.58.92
505,Cookie,Rakestraw,crakestrawe0@homestead.com,Female,4.105.71.249
506,Daloris,Wittrington,dwittringtone1@go.com,Female,234.60.230.38
507,Erek,Rolls,erollse2@privacy.gov.au,Male,39.212.205.167
508,Casi,Busst,cbusste3@wunderground.com,Female,231.66.106.19
509,Lorette,Gittins,lgittinse4@about.me,Female,228.141.248.166
510,Rosella,Gusney,rgusneye5@people.com.cn,Female,86.119.246.161
511,Sanders,Walters,swalterse6@feedburner.com,Agender,216.67.113.224
512,Kurt,Garvill,kgarville7@histats.com,Male,117.89.41.59
513,Abby,Sizland,asizlande8@phpbb.com,Male,238.95.110.211
514,Kale,Rignall,krignalle9@psu.edu,Male,55.158.2.77
515,Jodi,McGooch,jmcgoochea@sciencedirect.com,Male,182.86.69.254
516,Jacquette,Beinke,jbeinkeeb@meetup.com,Female,106.38.57.95
517,Maura,Stockey,mstockeyec@digg.com,Female,55.12.238.198
518,Patrizius,Jarratt,pjarratted@merriam-webster.com,Male,110.40.84.110
519,Florinda,Tellett,ftellettee@addthis.com,Female,33.208.33.121
520,Fay,Blaza,fblazaef@ezinearticles.com,Female,34.65.182.1
521,Bing,Dermot,bdermoteg@yahoo.co.jp,Male,104.148.131.212
522,Robenia,Saddington,rsaddingtoneh@domainmarket.com,Female,245.5.189.163
523,Patrizio,Gudger,pgudgerei@multiply.com,Male,114.78.75.71
524,Eva,Hartlebury,ehartleburyej@bloglines.com,Female,17.68.81.67
525,Sibyl,Beton,sbetonek@altervista.org,Male,119.243.108.204
526,Erick,Perillio,eperillioel@icio.us,Male,159.236.222.5
527,Katerina,Elliston,kellistonem@jimdo.com,Female,132.90.154.229
528,Nicholas,Showers,nshowersen@123-reg.co.uk,Male,109.158.183.105
529,Siward,Cramphorn,scramphorneo@cbc.ca,Male,130.8.69.246
530,Sheila,Lechmere,slechmereep@google.com.au,Female,155.176.58.89
531,Alaster,Heed,aheedeq@foxnews.com,Male,232.153.231.61
532,Chas,Gutierrez,cgutierrezer@miibeian.gov.cn,Male,0.81.85.85
533,Dal,Willingam,dwillingames@hc360.com,Male,64.179.113.132
534,Cleavland,Renzo,crenzoet@mashable.com,Male,235.36.198.156
535,Lacie,Furlong,lfurlongeu@unesco.org,Polygender,3.131.199.43
536,Kaja,Duligal,kduligalev@hibu.com,Female,203.193.16.26
537,Melessa,Kingsford,mkingsfordew@cdc.gov,Female,88.229.238.254
538,Freedman,Pippard,fpippardex@cnbc.com,Male,127.133.141.15
539,Charita,Goodacre,cgoodacreey@jiathis.com,Female,140.203.242.146
540,Annmaria,Bantham,abanthamez@reference.com,Female,132.66.68.149
541,Fedora,Hallsworth,fhallsworthf0@rambler.ru,Female,59.218.209.182
542,Perkin,Monery,pmoneryf1@deviantart.com,Male,101.56.168.155
543,Tracee,Eadmeads,teadmeadsf2@youtube.com,Female,53.174.52.57
544,Winni,Solland,wsollandf3@deviantart.com,Bigender,168.147.255.51
545,Jacklyn,Endley,jendleyf4@wikimedia.org,Female,45.150.226.56
546,Wynn,Warhurst,wwarhurstf5@yellowbook.com,Male,56.75.197.225
547,Tim,Brock,tbrockf6@amazon.co.uk,Male,101.254.171.17
548,Faye,Spoure,fspouref7@disqus.com,Female,81.251.212.240
549,Emmeline,Leathard,eleathardf8@cloudflare.com,Female,151.110.55.205
550,Perry,Sarah,psarahf9@hostgator.com,Female,254.253.16.71
551,Stella,Beetlestone,sbeetlestonefa@ask.com,Female,225.36.58.199
552,Cornelia,O'Cannan,cocannanfb@nhs.uk,Female,189.0.237.55
553,Antin,Tupling,atuplingfc@answers.com,Male,172.253.24.156
554,Davin,Dell Casa,ddellcasafd@imdb.com,Male,133.140.114.217
555,Constantia,Hatliffe,chatliffefe@yahoo.com,Genderfluid,12.172.208.55
556,Quintus,Warde,qwardeff@paginegialle.it,Male,37.65.239.170
557,Donella,Stitle,dstitlefg@slideshare.net,Female,112.13.14.7
558,Rebekah,Kilpin,rkilpinfh@acquirethisname.com,Female,205.214.114.24
559,Tabbatha,Santoro,tsantorofi@yahoo.com,Female,67.230.132.225
560,Frannie,Billitteri,fbillitterifj@wufoo.com,Male,189.229.1.79
561,Barron,Tuckett,btuckettfk@prlog.org,Male,59.243.69.115
562,Gay,Burbury,gburburyfl@youtu.be,Female,53.214.65.157
563,Giacobo,Aiken,gaikenfm@yahoo.co.jp,Genderfluid,16.1.8.98
564,Romona,Huc,rhucfn@angelfire.com,Female,239.50.129.117
565,Shell,Swannick,sswannickfo@google.pl,Male,26.59.220.89
566,Dorrie,Beretta,dberettafp@printfriendly.com,Female,175.160.122.6
567,Sal,Younghusband,syounghusbandfq@amazon.co.jp,Female,33.50.111.106
568,Rebecca,Mantripp,rmantrippfr@mozilla.org,Female,126.246.56.15
569,Parke,Chadwick,pchadwickfs@paginegialle.it,Male,39.227.147.97
570,Addy,Hembery,ahemberyft@t-online.de,Female,225.38.232.172
571,Ewart,Jambrozek,ejambrozekfu@army.mil,Male,116.69.223.187
572,Mechelle,Oakly,moaklyfv@linkedin.com,Female,3.123.81.219
573,Rosabella,Crayden,rcraydenfw@dedecms.com,Female,100.12.227.40
574,Turner,Cato,tcatofx@shareasale.com,Genderqueer,106.151.84.152
575,Caty,Measey,cmeaseyfy@jiathis.com,Female,189.40.222.119
576,Vaclav,Melior,vmeliorfz@free.fr,Male,59.120.104.166
577,Pepito,Rawsthorne,prawsthorneg0@mapquest.com,Non-binary,106.108.76.74
578,Chalmers,Fagence,cfagenceg1@nature.com,Male,46.119.0.251
579,Kylynn,Issit,kissitg2@washingtonpost.com,Female,222.72.252.86
580,Maurise,Godard,mgodardg3@bravesites.com,Male,209.38.68.137
581,Hayyim,O'Halligan,hohalligang4@army.mil,Male,221.19.129.122
582,Dori,Emmett,demmettg5@wordpress.org,Female,62.16.87.10
583,Aurilia,Gerraty,agerratyg6@businessinsider.com,Female,82.97.196.25
584,Nickolai,Purveys,npurveysg7@psu.edu,Male,185.105.210.203
585,Kalina,Murden,kmurdeng8@studiopress.com,Female,49.146.214.193
586,Casi,Hendrix,chendrixg9@cdc.gov,Female,28.110.212.222
587,Kathye,Allsebrook,kallsebrookga@phpbb.com,Agender,141.123.61.29
588,Ximenes,Van de Velde,xvandeveldegb@amazon.co.jp,Male,145.117.25.147
589,Latrina,Elsworth,lelsworthgc@cargocollective.com,Female,70.221.158.16
590,Beilul,Ketton,bkettongd@toplist.cz,Female,74.18.22.166
591,Bordy,MacHoste,bmachostege@state.gov,Male,87.58.100.40
592,Dorri,Merle,dmerlegf@com.com,Female,3.206.102.89
593,Tristan,Borton,tbortongg@hostgator.com,Male,223.43.235.228
594,Kile,Rossiter,krossitergh@shutterfly.com,Male,211.87.199.138
595,Trumann,Comini,tcominigi@nih.gov,Male,27.38.204.76
596,Raffarty,Bubeer,rbubeergj@cbc.ca,Male,6.91.148.252
597,Rubie,Bulle,rbullegk@theglobeandmail.com,Female,87.131.192.68
598,Amelita,McIlrath,amcilrathgl@answers.com,Female,215.86.0.125
599,Caldwell,Swaffield,cswaffieldgm@devhub.com,Male,130.28.224.40
600,Danna,Gammade,dgammadegn@unc.edu,Female,196.209.197.87
601,Tersina,Alvin,talvingo@imdb.com,Female,68.14.73.242
602,Dallas,Rummins,drumminsgp@ezinearticles.com,Male,26.218.234.111
603,Lebbie,Siney,lsineygq@smugmug.com,Female,118.177.213.156
604,Ellwood,Gerant,egerantgr@google.fr,Male,126.254.90.20
605,Camille,Quinion,cquiniongs@examiner.com,Female,171.0.185.222
606,Sampson,Rochford,srochfordgt@xinhuanet.com,Male,100.155.197.101
607,Guntar,Officer,gofficergu@newyorker.com,Male,37.124.196.161
608,Osmund,Bynert,obynertgv@comcast.net,Male,89.64.27.210
609,Urson,Ziem,uziemgw@privacy.gov.au,Male,61.202.177.77
610,Sallyanne,Caught,scaughtgx@shareasale.com,Female,252.230.137.13
611,Kenna,McKevany,kmckevanygy@huffingtonpost.com,Female,39.40.117.218
612,Kirby,Ortet,kortetgz@google.fr,Bigender,98.123.64.94
613,Rogers,Relfe,rrelfeh0@google.cn,Male,121.171.196.42
614,Lucio,Easum,leasumh1@odnoklassniki.ru,Male,136.84.7.6
615,Colleen,Ransfield,cransfieldh2@list-manage.com,Female,249.69.142.86
616,Amye,Linfitt,alinfitth3@japanpost.jp,Female,205.202.34.180
617,Correy,Ricardo,cricardoh4@wp.com,Male,160.37.144.49
618,Frederic,Sander,fsanderh5@parallels.com,Male,61.41.129.30
619,Ursuline,McGrudder,umcgrudderh6@twitter.com,Female,247.187.32.45
620,Damita,McAlester,dmcalesterh7@technorati.com,Female,174.204.23.49
621,Gerrie,Ramme,grammeh8@umich.edu,Male,122.3.14.148
622,Dredi,Zecchetti,dzecchettih9@delicious.com,Female,126.228.179.250
623,Inesita,Ossulton,iossultonha@amazonaws.com,Female,72.76.58.232
624,Eugine,Quinevan,equinevanhb@illinois.edu,Female,232.131.88.89
625,Eimile,Scutt,escutthc@census.gov,Female,134.173.49.209
626,Hillard,Hyslop,hhyslophd@arstechnica.com,Male,219.187.131.206
627,Abraham,Cade,acadehe@businessweek.com,Agender,224.45.175.2
628,Mathe,Conaghy,mconaghyhf@merriam-webster.com,Male,190.108.179.82
629,Guillaume,Restorick,grestorickhg@gmpg.org,Male,252.185.228.207
630,Hinda,Pettican,hpetticanhh@wikimedia.org,Female,72.35.74.243
631,Aimil,Blevin,ablevinhi@baidu.com,Female,200.110.201.144
632,Shelli,Kibbe,skibbehj@nationalgeographic.com,Female,196.184.6.100
633,Oliviero,Pache,opachehk@weather.com,Male,154.55.171.159
634,Derril,Darthe,ddarthehl@scientificamerican.com,Male,6.25.134.208
635,Filia,Faulds,ffauldshm@paginegialle.it,Female,140.194.190.177
636,Donny,Garrie,dgarriehn@geocities.jp,Male,235.58.40.72
637,Neron,Branney,nbranneyho@bbb.org,Male,92.108.121.150
638,Joshua,Calderhead,jcalderheadhp@blogger.com,Male,109.25.125.63
639,Andree,Lankester,alankesterhq@redcross.org,Female,117.84.70.25
640,Erik,Bedburrow,ebedburrowhr@gizmodo.com,Male,80.105.239.101
641,Putnam,Lomaz,plomazhs@cbslocal.com,Male,202.125.33.42
642,Terrel,Karus,tkarusht@cam.ac.uk,Male,112.86.95.173
643,Bennie,Brunsdon,bbrunsdonhu@bloglovin.com,Female,128.218.80.155
644,Cassie,Choulerton,cchoulertonhv@homestead.com,Male,43.96.75.107
645,Gilberto,Gaskill,ggaskillhw@phoca.cz,Male,41.161.178.51
646,Shellysheldon,McHale,smchalehx@harvard.edu,Genderqueer,81.101.120.193
647,Weylin,McKeowon,wmckeowonhy@linkedin.com,Male,240.228.152.255
648,Fidole,Gwyer,fgwyerhz@eventbrite.com,Male,219.183.185.99
649,Ricca,Wilfling,rwilflingi0@istockphoto.com,Genderfluid,191.180.33.198
650,Miranda,Headrick,mheadricki1@businesswire.com,Female,212.12.227.141
651,Kaiser,Knock,kknocki2@dmoz.org,Male,216.225.234.135
652,Aleda,MacKibbon,amackibboni3@scribd.com,Female,175.75.214.143
653,Nathaniel,Bridgen,nbridgeni4@typepad.com,Male,38.218.88.199
654,Dolorita,Devereux,ddevereuxi5@berkeley.edu,Female,59.145.49.225
655,Glori,Oaks,goaksi6@mashable.com,Female,197.30.68.120
656,Tracee,Cassar,tcassari7@indiegogo.com,Female,217.188.43.24
657,Mercy,Macklin,mmacklini8@jugem.jp,Bigender,9.243.251.80
658,Verina,McLardie,vmclardiei9@dyndns.org,Female,87.239.43.27
659,Gearalt,Haugen,ghaugenia@mac.com,Polygender,174.112.52.154
660,Sammie,Wildblood,swildbloodib@wikia.com,Male,159.66.110.219
661,Ralf,Tennewell,rtennewellic@devhub.com,Male,222.166.163.190
662,Bancroft,Abbess,babbessid@go.com,Male,119.212.45.135
663,Jeanette,Cracie,jcracieie@washington.edu,Female,198.126.174.120
664,Jo ann,Cadany,jcadanyif@freewebs.com,Polygender,234.35.219.252
665,Eve,Marple,emarpleig@zdnet.com,Female,61.18.30.232
666,Costanza,Coddrington,ccoddringtonih@accuweather.com,Female,40.112.205.175
667,Remus,Shwalbe,rshwalbeii@ask.com,Male,197.132.234.48
668,Alastair,Gamage,agamageij@chron.com,Male,37.135.71.243
669,Brandice,Jerdein,bjerdeinik@csmonitor.com,Female,10.214.178.100
670,Georgena,Fearnyhough,gfearnyhoughil@wikimedia.org,Female,36.219.204.66
671,Lanae,Heino,lheinoim@booking.com,Female,220.66.47.193
672,Allie,Wewell,awewellin@usa.gov,Female,247.234.63.217
673,Ashly,Carhart,acarhartio@123-reg.co.uk,Female,155.115.175.117
674,Vannie,Giroldo,vgiroldoip@woothemes.com,Female,131.175.155.130
675,Alvan,Keyden,akeydeniq@nba.com,Male,84.124.140.68
676,Sonnie,Symes,ssymesir@meetup.com,Female,202.220.60.229
677,Kattie,Courtes,kcourtesis@deliciousdays.com,Female,0.205.199.94
678,Ransom,Sibthorpe,rsibthorpeit@berkeley.edu,Male,52.66.240.9
679,Jinny,Sturmey,jsturmeyiu@ucsd.edu,Female,135.186.148.83
680,Sibby,Tremouille,stremouilleiv@delicious.com,Female,57.47.176.74
681,Les,Brownjohn,lbrownjohniw@last.fm,Male,42.175.197.204
682,Sammie,Starmore,sstarmoreix@wikia.com,Male,140.19.29.107
683,Neall,Hitzke,nhitzkeiy@latimes.com,Male,119.86.85.235
684,Wren,McNay,wmcnayiz@tuttocitta.it,Female,225.91.37.81
685,Jasen,Glowach,jglowachj0@plala.or.jp,Male,120.29.161.68
686,Aimee,Eronie,aeroniej1@wiley.com,Female,204.79.69.225
687,Gardener,Tortice,gtorticej2@stanford.edu,Male,236.115.224.119
688,Hilton,Duquesnay,hduquesnayj3@alexa.com,Male,51.97.123.39
689,Austin,Squire,asquirej4@geocities.jp,Male,142.245.75.145
690,Donnajean,Wardington,dwardingtonj5@latimes.com,Female,86.28.113.70
691,Hermann,Kees,hkeesj6@1und1.de,Male,43.17.170.242
692,Cedric,Buse,cbusej7@dailymotion.com,Male,143.80.65.38
693,Abe,Humbey,ahumbeyj8@about.me,Male,211.67.176.24
694,Joyann,Windas,jwindasj9@360.cn,Female,37.103.55.147
695,Harwilll,Goundsy,hgoundsyja@eepurl.com,Male,19.157.31.149
696,Lewie,Traite,ltraitejb@sogou.com,Male,21.13.145.240
697,Alissa,Menary,amenaryjc@webeden.co.uk,Female,242.252.4.212
698,Tedd,Rhoddie,trhoddiejd@mail.ru,Male,134.205.135.95
699,Fawne,Slay,fslayje@bing.com,Non-binary,8.254.157.215
700,Bunnie,Chieze,bchiezejf@mediafire.com,Female,72.16.235.151
701,Itch,Barritt,ibarrittjg@edublogs.org,Male,86.126.121.78
702,Leshia,Breslau,lbreslaujh@cmu.edu,Female,106.91.86.57
703,Harlene,Tardiff,htardiffji@yahoo.co.jp,Female,225.236.152.9
704,Davide,Prudham,dprudhamjj@thetimes.co.uk,Genderqueer,224.120.244.27
705,Noell,Bringloe,nbringloejk@last.fm,Female,174.254.28.180
706,Olivero,Busfield,obusfieldjl@dailymail.co.uk,Male,182.152.57.28
707,Ronnie,Horick,rhorickjm@illinois.edu,Male,15.5.244.115
708,Mervin,Leas,mleasjn@un.org,Male,110.55.15.93
709,Bendick,Cianelli,bcianellijo@istockphoto.com,Male,154.215.149.162
710,Rick,Parradine,rparradinejp@unesco.org,Male,149.101.119.206
711,Auberon,Zeplin,azeplinjq@amazon.co.uk,Male,25.188.172.85
712,Anne,Sturmey,asturmeyjr@google.pl,Female,200.4.185.78
713,Roberta,Hawe,rhawejs@businesswire.com,Female,87.127.56.232
714,Gillan,Longfoot,glongfootjt@meetup.com,Female,138.13.220.239
715,Dominica,Marchington,dmarchingtonju@de.vu,Female,135.86.103.167
716,Dasie,Pyper,dpyperjv@xrea.com,Female,85.202.27.68
717,Lalo,Kennifick,lkennifickjw@51.la,Male,100.233.225.168
718,Stephan,Drewett,sdrewettjx@ifeng.com,Male,126.244.34.208
719,Leonora,Barbisch,lbarbischjy@istockphoto.com,Female,116.112.182.118
720,Rhody,Shere,rsherejz@java.com,Female,151.71.214.105
721,Darbee,Villaron,dvillaronk0@hhs.gov,Non-binary,63.114.148.139
722,Ashton,Thorneywork,athorneyworkk1@apache.org,Male,14.145.71.170
723,Silvanus,Beardshall,sbeardshallk2@yandex.ru,Male,143.35.103.68
724,Ulrike,Bartolommeo,ubartolommeok3@ted.com,Female,61.225.140.118
725,Petunia,Woodage,pwoodagek4@drupal.org,Female,103.180.97.66
726,Enrika,Basso,ebassok5@prweb.com,Female,237.159.184.179
727,Eal,Hinze,ehinzek6@cornell.edu,Male,102.70.150.164
728,Hailee,Litherborough,hlitherboroughk7@bbb.org,Female,118.79.31.97
729,Joan,Scrannage,jscrannagek8@biglobe.ne.jp,Female,211.225.41.114
730,Maria,Kovacs,mkovacsk9@booking.com,Female,138.136.54.21
731,Ardelia,Iacovone,aiacovoneka@spiegel.de,Female,1.135.241.196
732,Cornelius,Corah,ccorahkb@clickbank.net,Male,9.151.147.240
733,Gery,Thwaite,gthwaitekc@amazon.de,Male,27.124.116.180
734,Dyane,Cassidy,dcassidykd@apple.com,Female,69.94.27.25
735,Giulia,Challice,gchalliceke@europa.eu,Female,232.170.128.201
736,Joseito,Day,jdaykf@fema.gov,Male,220.127.113.67
737,Laraine,Penk,lpenkkg@boston.com,Female,178.53.251.225
738,Noellyn,Ingerson,ningersonkh@4shared.com,Non-binary,178.166.246.66
739,Buddy,Maggorini,bmaggoriniki@bing.com,Male,98.167.11.203
740,Carlina,Artindale,cartindalekj@csmonitor.com,Female,247.19.71.20
741,Beatriz,Burry,bburrykk@google.pl,Female,21.175.176.18
742,Garrot,Voak,gvoakkl@friendfeed.com,Male,154.171.6.180
743,Darbie,Rosier,drosierkm@smh.com.au,Female,234.184.244.160
744,Simona,Hunting,shuntingkn@cdc.gov,Female,146.38.26.250
745,Querida,Crotty,qcrottyko@dell.com,Female,109.17.136.18
746,Jess,McLenaghan,jmclenaghankp@blogspot.com,Male,16.188.182.82
747,Dunc,Broader,dbroaderkq@taobao.com,Male,37.171.208.16
748,Eddi,Maw,emawkr@google.it,Female,28.47.202.154
749,Lynelle,Reinhardt,lreinhardtks@ucoz.com,Female,69.240.130.209
750,Lexine,Mangenot,lmangenotkt@edublogs.org,Female,85.51.172.2
751,Bern,Puxley,bpuxleyku@drupal.org,Male,181.155.104.200
752,Hynda,Drackford,hdrackfordkv@google.com,Female,49.188.16.81
753,Heindrick,Srawley,hsrawleykw@pen.io,Male,27.145.35.33
754,Brunhilde,Brelsford,bbrelsfordkx@admin.ch,Female,99.242.127.69
755,Worthington,Sturdey,wsturdeyky@dropbox.com,Male,27.169.49.187
756,Reena,Gwatkins,rgwatkinskz@dailymail.co.uk,Female,212.253.127.33
757,Ettore,Noye,enoyel0@lulu.com,Bigender,0.142.105.116
758,Joellen,Titley,jtitleyl1@thetimes.co.uk,Female,137.248.233.2
759,Cristionna,O'Codihie,cocodihiel2@mlb.com,Female,181.213.189.82
760,Laurence,Barnham,lbarnhaml3@weather.com,Male,210.72.12.64
761,Dru,Kimpton,dkimptonl4@devhub.com,Female,245.5.37.13
762,Lane,Linde,llindel5@vistaprint.com,Female,39.17.5.154
763,Alastair,Sheers,asheersl6@samsung.com,Male,1.118.71.230
764,Borden,Dalgety,bdalgetyl7@auda.org.au,Agender,253.143.231.60
765,Henrietta,Mault,hmaultl8@nbcnews.com,Female,85.123.224.80
766,Conchita,Boumphrey,cboumphreyl9@ucoz.ru,Genderqueer,139.179.80.39
767,Jeffy,Ianson,jiansonla@nih.gov,Genderqueer,73.4.227.220
768,Coleman,Duligall,cduligalllb@seesaa.net,Male,220.165.5.106
769,Aldous,Garwell,agarwelllc@answers.com,Male,164.22.177.230
770,Darcy,Savill,dsavillld@quantcast.com,Male,3.182.208.44
771,Gillie,Scutcheon,gscutcheonle@paypal.com,Female,80.68.197.54
772,Traver,Gingedale,tgingedalelf@typepad.com,Male,7.165.196.19
773,Nealy,Duester,nduesterlg@loc.gov,Male,156.143.226.117
774,Norah,Deaconson,ndeaconsonlh@51.la,Female,74.26.182.254
775,Carolynn,Gergus,cgergusli@nifty.com,Female,128.138.152.45
776,Lenna,Ikin,likinlj@quantcast.com,Genderqueer,147.103.205.45
777,Hakeem,Korbmaker,hkorbmakerlk@desdev.cn,Male,136.147.153.145
778,Angeline,Raft,araftll@desdev.cn,Female,128.117.30.236
779,Lorrie,Dumbrall,ldumbralllm@merriam-webster.com,Female,185.235.48.141
780,Pembroke,Musselwhite,pmusselwhiteln@cisco.com,Male,71.57.132.76
781,Edith,Powlett,epowlettlo@cbsnews.com,Female,162.164.90.199
782,Mallory,Meneur,mmeneurlp@tamu.edu,Female,237.94.49.23
783,Lisetta,Sworne,lswornelq@cocolog-nifty.com,Female,17.209.122.166
784,Vergil,Staley,vstaleylr@prnewswire.com,Male,233.167.138.185
785,Desi,Bason,dbasonls@auda.org.au,Male,98.21.242.67
786,Fulton,Herreran,fherreranlt@fastcompany.com,Male,191.148.59.84
787,Nefen,Lindro,nlindrolu@jalbum.net,Male,73.48.124.220
788,Grover,Kubin,gkubinlv@multiply.com,Bigender,29.232.212.124
789,Susann,Brew,sbrewlw@icq.com,Female,74.171.133.199
790,Lorelle,Wise,lwiselx@biglobe.ne.jp,Female,247.120.154.232
791,Ethe,Christall,echristallly@pbs.org,Male,94.10.161.153
792,Dorree,Forsdicke,dforsdickelz@sfgate.com,Female,177.116.245.163
793,Farlee,Gillett,fgillettm0@independent.co.uk,Male,142.240.27.31
794,Adriane,Atchly,aatchlym1@hibu.com,Female,119.26.172.214
795,Ginni,Denzey,gdenzeym2@fema.gov,Female,4.192.248.37
796,Staci,Huyton,shuytonm3@admin.ch,Female,152.16.129.38
797,Rosalynd,Boar,rboarm4@bloglovin.com,Female,195.205.107.2
798,Fabian,Lumsdall,flumsdallm5@alibaba.com,Male,24.16.202.222
799,Chaddy,McGlade,cmcgladem6@weibo.com,Male,183.237.110.233
800,Jewelle,Dovydenas,jdovydenasm7@alexa.com,Female,72.159.64.114
801,Caspar,Jimmison,cjimmisonm8@berkeley.edu,Male,158.223.81.221
802,Alvie,Latter,alatterm9@jalbum.net,Male,228.80.3.209
803,Candi,Pallas,cpallasma@facebook.com,Female,37.106.127.195
804,Paula,Evason,pevasonmb@marketwatch.com,Female,31.252.42.133
805,Vidovik,Kunert,vkunertmc@statcounter.com,Male,170.223.94.106
806,Gwenette,Stirzaker,gstirzakermd@google.pl,Genderqueer,222.184.115.242
807,Colet,Cary,ccaryme@rambler.ru,Male,140.136.142.59
808,Kelbee,Luckings,kluckingsmf@theglobeandmail.com,Male,19.8.136.122
809,Megen,Batecok,mbatecokmg@t.co,Female,151.2.127.117
810,Shayna,Dallewater,sdallewatermh@virginia.edu,Female,164.200.240.108
811,Bastien,McGillivrie,bmcgillivriemi@baidu.com,Male,93.255.14.112
812,Katheryn,Galia,kgaliamj@eepurl.com,Female,80.3.169.176
813,Dore,Bewlay,dbewlaymk@tinyurl.com,Male,103.17.205.206
814,Meg,Merigot,mmerigotml@nyu.edu,Female,36.93.69.53
815,Morris,Colly,mcollymm@independent.co.uk,Male,91.82.101.82
816,Lynnelle,Cromarty,lcromartymn@columbia.edu,Female,138.69.23.137
817,Wilbert,Grogono,wgrogonomo@europa.eu,Male,70.208.114.106
818,Tabbi,Giannotti,tgiannottimp@mayoclinic.com,Female,175.40.200.245
819,Stern,Hornig,shornigmq@smugmug.com,Male,13.141.127.57
820,Syd,Blankley,sblankleymr@ted.com,Male,60.91.71.20
821,Ansley,Bills,abillsms@reddit.com,Female,150.252.0.59
822,Mireille,Stileman,mstilemanmt@reverbnation.com,Female,52.183.207.244
823,Boyce,Flay,bflaymu@netscape.com,Male,126.146.40.173
824,Sile,Pettersen,spettersenmv@earthlink.net,Female,76.203.17.128
825,Kaleena,Lennon,klennonmw@whitehouse.gov,Female,14.220.78.41
826,Suzi,Cosgrive,scosgrivemx@live.com,Female,107.152.37.47
827,Aigneis,Loisi,aloisimy@yale.edu,Female,120.116.176.156
828,Hewe,De Malchar,hdemalcharmz@arizona.edu,Male,236.81.227.52
829,Willi,Loding,wlodingn0@bizjournals.com,Female,215.50.150.144
830,Melisa,Walbrook,mwalbrookn1@springer.com,Female,44.156.115.43
831,Louise,Wrassell,lwrasselln2@cdc.gov,Female,7.233.252.186
832,Elane,Gotfrey,egotfreyn3@indiegogo.com,Female,243.179.38.153
833,Farleigh,Abramovicz,fabramoviczn4@phoca.cz,Male,138.131.243.67
834,Bartram,Geane,bgeanen5@moonfruit.com,Male,41.94.189.123
835,Sherlocke,Castenda,scastendan6@archive.org,Male,198.96.226.27
836,Xerxes,Deekes,xdeekesn7@sfgate.com,Male,127.153.177.228
837,Vance,Fryer,vfryern8@histats.com,Male,159.78.53.223
838,Dun,Lampitt,dlampittn9@wp.com,Male,142.17.157.184
839,Berk,Trowsdale,btrowsdalena@wikipedia.org,Male,81.80.67.125
840,Fax,Bedward,fbedwardnb@angelfire.com,Male,114.112.36.34
841,Glyn,Rappoport,grappoportnc@cisco.com,Female,181.90.123.212
842,Salmon,Stredwick,sstredwicknd@blogger.com,Male,223.150.234.30
843,Stephen,Dublin,sdublinne@woothemes.com,Male,154.225.196.212
844,Amandie,Bassingham,abassinghamnf@yolasite.com,Female,81.227.248.27
845,Saxe,Cossington,scossingtonng@noaa.gov,Male,10.152.149.4
846,Felicle,Gershom,fgershomnh@cornell.edu,Female,44.93.145.108
847,Jsandye,Turfes,jturfesni@apple.com,Female,227.45.193.46
848,Hirsch,Dzenisenka,hdzenisenkanj@jugem.jp,Male,123.164.74.121
849,Trip,MacGaughy,tmacgaughynk@mapquest.com,Male,76.165.25.84
850,Josepha,Reid,jreidnl@last.fm,Female,225.41.206.115
851,Edik,Sneesbie,esneesbienm@privacy.gov.au,Male,171.160.68.126
852,Mitch,Pask,mpasknn@unc.edu,Male,230.162.157.212
853,Consuela,Steckings,csteckingsno@state.tx.us,Female,234.38.51.124
854,Raynard,Newis,rnewisnp@mediafire.com,Male,159.140.99.6
855,Woodrow,Jedrzej,wjedrzejnq@bizjournals.com,Male,163.222.53.207
856,Merry,MacCart,mmaccartnr@artisteer.com,Male,254.232.235.72
857,Langsdon,Grisewood,lgrisewoodns@posterous.com,Male,53.44.207.130
858,Andrea,Chamberlen,achamberlennt@storify.com,Polygender,46.37.87.162
859,Andie,Pavkovic,apavkovicnu@tuttocitta.it,Male,148.146.181.169
860,Constanta,Sparry,csparrynv@adobe.com,Female,179.236.106.126
861,Trenton,Corbould,tcorbouldnw@histats.com,Male,201.123.210.210
862,Ber,Bollen,bbollennx@google.pl,Male,128.252.201.83
863,Drucy,Parrington,dparringtonny@bravesites.com,Female,35.223.162.72
864,Kristan,Segoe,ksegoenz@sciencedirect.com,Non-binary,157.228.114.70
865,Giustina,Beccera,gbeccerao0@163.com,Female,60.164.21.141
866,Corabella,Eloi,celoio1@xrea.com,Female,33.221.250.219
867,Ortensia,Dows,odowso2@prweb.com,Female,113.133.53.244
868,Channa,Camfield,ccamfieldo3@java.com,Female,26.222.74.154
869,Midge,McTavy,mmctavyo4@craigslist.org,Female,133.193.20.89
870,Beniamino,Ferreli,bferrelio5@blogspot.com,Male,180.48.37.55
871,Vonnie,Folini,vfolinio6@mediafire.com,Female,129.76.37.118
872,Richard,Duchasteau,rduchasteauo7@jiathis.com,Male,80.6.137.162
873,Marna,Impson,mimpsono8@nhs.uk,Female,161.25.151.212
874,Arline,Gamet,agameto9@bandcamp.com,Female,186.47.138.167
875,Veronike,Fibbings,vfibbingsoa@prweb.com,Female,100.122.162.227
876,Muffin,Gaspar,mgasparob@discovery.com,Male,235.94.105.167
877,Dan,Gillis,dgillisoc@toplist.cz,Male,122.51.194.61
878,Edee,Alexandre,ealexandreod@disqus.com,Female,76.65.17.81
879,Madelon,Spring,mspringoe@apple.com,Female,70.160.144.48
880,Kiel,Searsby,ksearsbyof@answers.com,Male,156.168.177.193
881,Deedee,Corteis,dcorteisog@ustream.tv,Female,14.44.230.155
882,Murdock,Charle,mcharleoh@hc360.com,Male,17.147.191.14
883,Nadean,Sherebrook,nsherebrookoi@tumblr.com,Female,6.7.57.179
884,Annissa,Yielding,ayieldingoj@odnoklassniki.ru,Female,156.15.20.53
885,Temp,McIlharga,tmcilhargaok@ifeng.com,Male,50.144.177.10
886,Annetta,Iwanowicz,aiwanowiczol@google.ca,Female,172.208.104.251
887,Adair,Launchbury,alaunchburyom@google.de,Male,126.222.6.42
888,Catherin,Birch,cbirchon@bandcamp.com,Agender,117.238.11.131
889,Cassius,Crewes,ccrewesoo@yandex.ru,Male,111.99.19.180
890,Regen,Murty,rmurtyop@wikispaces.com,Male,85.9.64.44
891,Rafaello,Scholl,rscholloq@mapy.cz,Male,79.182.122.126
892,Godfry,Twizell,gtwizellor@parallels.com,Male,225.183.173.207
893,Roi,Quennell,rquennellos@cnn.com,Male,55.188.7.26
894,Carl,Tayloe,ctayloeot@berkeley.edu,Male,167.85.27.176
895,Zebulen,Rubel,zrubelou@accuweather.com,Male,49.210.73.107
896,Gare,Savil,gsavilov@cpanel.net,Male,216.87.203.64
897,Mirelle,Reame,mreameow@mapy.cz,Female,112.69.57.230
898,Tabbitha,Battabee,tbattabeeox@microsoft.com,Female,164.195.211.151
899,Joline,Heersema,jheersemaoy@home.pl,Female,25.37.150.161
900,Carmela,Harsum,charsumoz@networkadvertising.org,Female,93.222.122.203
901,Obadiah,Habbema,ohabbemap0@illinois.edu,Male,193.78.110.79
902,Ashla,Spuner,aspunerp1@vkontakte.ru,Female,7.154.42.11
903,Tiffany,Scamaden,tscamadenp2@cocolog-nifty.com,Female,123.46.122.155
904,Shanna,Stirley,sstirleyp3@mysql.com,Female,113.239.177.27
905,Lorena,Kimmerling,lkimmerlingp4@tripod.com,Female,25.121.236.185
906,Randie,Cowin,rcowinp5@storify.com,Male,252.18.122.126
907,Lea,Jordanson,ljordansonp6@cnet.com,Female,168.73.191.222
908,Ileana,Stickland,isticklandp7@google.de,Female,214.217.75.198
909,Magdalene,Archibold,marchiboldp8@prlog.org,Female,180.78.114.226
910,Shani,Seagood,sseagoodp9@scientificamerican.com,Genderfluid,98.115.34.144
911,Vere,Alessandrini,valessandrinipa@stumbleupon.com,Female,65.69.243.73
912,Ranique,Wastell,rwastellpb@mail.ru,Agender,11.161.149.48
913,Inigo,Abramamov,iabramamovpc@auda.org.au,Male,16.88.139.139
914,Berton,Costen,bcostenpd@rambler.ru,Male,157.242.70.153
915,Jaclin,Makepeace,jmakepeacepe@reuters.com,Female,109.97.97.95
916,Doug,MacCafferty,dmaccaffertypf@gravatar.com,Male,89.99.42.183
917,Ola,Stavers,ostaverspg@smh.com.au,Female,85.198.101.189
918,Tailor,Whitten,twhittenph@nymag.com,Male,151.120.249.251
919,Gerti,Cothey,gcotheypi@gmpg.org,Female,229.77.88.206
920,Ofilia,Duce,oducepj@jimdo.com,Female,219.198.156.211
921,Reuben,Mazillius,rmazilliuspk@zdnet.com,Male,124.241.199.227
922,Adolphus,Gemmill,agemmillpl@google.com.hk,Male,21.165.251.172
923,Gawen,Thurner,gthurnerpm@nydailynews.com,Male,11.114.119.64
924,Milissent,Whitehorn,mwhitehornpn@pinterest.com,Genderfluid,85.147.165.205
925,Zena,Joyce,zjoycepo@usatoday.com,Female,247.121.38.59
926,Bernie,Scambler,bscamblerpp@miibeian.gov.cn,Male,9.163.47.208
927,Christa,Pancost,cpancostpq@earthlink.net,Female,184.101.139.56
928,Hebert,Hegarty,hhegartypr@webmd.com,Male,102.62.165.177
929,Tristam,Zorzini,tzorzinips@washington.edu,Male,4.179.126.13
930,Bobbee,Gagan,bgaganpt@wordpress.com,Female,113.183.214.84
931,Robbert,Sawer,rsawerpu@hexun.com,Male,200.219.121.28
932,Therese,Gracey,tgraceypv@tumblr.com,Female,103.137.46.138
933,Saxe,Dearle,sdearlepw@cam.ac.uk,Male,40.217.99.143
934,Franni,Gooch,fgoochpx@list-manage.com,Female,85.219.104.74
935,Daisey,Mottram,dmottrampy@purevolume.com,Female,72.104.49.103
936,Rona,Pomroy,rpomroypz@ox.ac.uk,Female,137.221.214.142
937,Brande,Pellitt,bpellittq0@msn.com,Female,157.175.26.5
938,Winnifred,McElwee,wmcelweeq1@squidoo.com,Female,16.246.9.15
939,Merry,McLarnon,mmclarnonq2@joomla.org,Female,180.236.133.227
940,Kermit,Woolerton,kwoolertonq3@123-reg.co.uk,Male,18.109.98.129
941,Layne,Gouldstraw,lgouldstrawq4@bbb.org,Female,155.194.59.89
942,Field,Goodlake,fgoodlakeq5@simplemachines.org,Male,127.183.229.199
943,Dru,Shearme,dshearmeq6@tiny.cc,Male,176.34.202.16
944,Harv,Redit,hreditq7@sun.com,Male,26.208.118.112
945,Florrie,Newens,fnewensq8@umich.edu,Female,197.96.190.50
946,Samuel,Threader,sthreaderq9@senate.gov,Bigender,96.198.52.214
947,Kaleb,Klesse,kklesseqa@netscape.com,Male,46.220.1.198
948,Berkly,Tanti,btantiqb@mit.edu,Male,89.95.19.76
949,Morgen,Elia,meliaqc@joomla.org,Male,116.233.122.231
950,Cleon,Lerohan,clerohanqd@census.gov,Male,96.193.130.196
951,Lance,Coneybeare,lconeybeareqe@tripod.com,Male,112.85.237.236
952,Bendix,Fettis,bfettisqf@fema.gov,Male,21.118.96.116
953,Anne-marie,Toma,atomaqg@free.fr,Genderqueer,84.75.87.154
954,Violante,Nannini,vnanniniqh@ow.ly,Female,1.229.235.138
955,Linus,Baversor,lbaversorqi@ifeng.com,Agender,67.81.221.78
956,Deva,Daftor,ddaftorqj@arizona.edu,Female,132.206.39.34
957,Hercule,Pittoli,hpittoliqk@geocities.jp,Male,233.219.68.65
958,Maressa,Mitton,mmittonql@1und1.de,Female,99.19.92.11
959,Adriane,Estevez,aestevezqm@cam.ac.uk,Female,157.106.173.202
960,Ike,Hubbert,ihubbertqn@paginegialle.it,Male,229.65.146.5
961,Alexine,Bromige,abromigeqo@last.fm,Female,111.6.107.37
962,Arvie,Ivatts,aivattsqp@google.de,Male,105.183.230.76
963,Rainer,Guillon,rguillonqq@addtoany.com,Male,209.178.99.157
964,Irena,Srawley,israwleyqr@bluehost.com,Female,71.111.60.155
965,Milissent,Kittman,mkittmanqs@washingtonpost.com,Female,51.28.227.145
966,Josie,Quinion,jquinionqt@about.com,Female,148.108.155.233
967,Justinn,Canon,jcanonqu@ox.ac.uk,Female,5.180.6.81
968,Cecile,Saur,csaurqv@slate.com,Female,32.207.73.208
969,Edithe,Waller-Bridge,ewallerbridgeqw@washingtonpost.com,Female,136.95.247.96
970,Egan,Borzoni,eborzoniqx@meetup.com,Male,168.104.146.237
971,Charo,Lowle,clowleqy@typepad.com,Female,232.180.29.116
972,Josy,Abbatt,jabbattqz@scientificamerican.com,Female,168.241.220.216
973,Heida,Fromant,hfromantr0@desdev.cn,Female,139.65.78.6
974,Morissa,Eddleston,meddlestonr1@merriam-webster.com,Female,135.245.231.56
975,Heida,Bonnette,hbonnetter2@techcrunch.com,Female,102.18.195.134
976,Hailey,Winser,hwinserr3@apple.com,Male,137.27.82.2
977,Lydia,Bilbie,lbilbier4@pcworld.com,Female,223.183.120.217
978,Dene,Januszewicz,djanuszewiczr5@about.com,Male,169.66.11.202
979,Clem,St. Queintain,cstqueintainr6@wunderground.com,Female,203.69.226.255
980,Creighton,Adacot,cadacotr7@goo.gl,Male,65.234.158.236
981,Rolph,Tippler,rtipplerr8@ehow.com,Male,85.106.125.243
982,Edward,Claus,eclausr9@hp.com,Male,29.143.3.45
983,Roscoe,Van Velden,rvanveldenra@photobucket.com,Male,213.117.69.14
984,Had,Kendrew,hkendrewrb@storify.com,Male,52.144.154.32
985,Alexio,Izatson,aizatsonrc@sakura.ne.jp,Male,144.124.174.245
986,Ab,Samways,asamwaysrd@cnn.com,Male,160.111.25.225
987,Janna,Maffi,jmaffire@cbsnews.com,Female,63.206.1.251
988,Hillary,Dalyell,hdalyellrf@typepad.com,Female,116.52.143.137
989,Herrick,Cheake,hcheakerg@bandcamp.com,Male,140.19.128.40
990,Louella,McGinney,lmcginneyrh@dailymail.co.uk,Female,190.6.142.106
991,Antin,Ledbury,aledburyri@comcast.net,Male,47.110.135.174
992,Clemmy,Adamov,cadamovrj@digg.com,Male,192.169.37.1
993,Panchito,Dillow,pdillowrk@mlb.com,Male,11.87.182.63
994,Sydelle,Blackstone,sblackstonerl@weebly.com,Female,116.136.221.5
995,Sherilyn,Bucky,sbuckyrm@theguardian.com,Female,154.234.196.113
996,Raphaela,Canniffe,rcanniffern@patch.com,Female,36.215.36.128
997,Marilyn,De Zamudio,mdezamudioro@ezinearticles.com,Female,214.245.59.66
998,Alwin,Attersoll,aattersollrp@microsoft.com,Male,190.36.214.62
999,Hakeem,Freschini,hfreschinirq@ca.gov,Male,146.59.101.235
1000,Sioux,Reith,sreithrr@pen.io,Female,188.194.63.201
